Order_ID,Date,Time,Customer_City,Pincode,Product_ID,Category,Quantity,Price_per_Unit,Discount_%,Delivery_Time_Minutes,Payment_Method,Customer_Rating,Total_Price
ORD100000,06-05-2025,23:29:09,Ahmedabad,28184,PRD3927,Household,4,336.07,15,87,Credit Card,4.4,1142.6
ORD100001,17-05-2025,07:48:05,Delhi,41680,PRD3774,Frozen Foods,4,294.62,20,33,Cash on Delivery,2.6,942.8
ORD100002,21-05-2025,10:10:00,Chennai,29936,PRD4066,Beverages,3,25.24,5,23,Wallet,2.8,71.9
ORD100003,12-05-2025,16:54:57,Ahmedabad,28735,PRD2349,Household,3,35.21,0,48,Cash on Delivery,2.1,105.6
ORD100004,18-05-2025,14:09:14,Chennai,46931,PRD7640,Fruits,5,286.41,10,77,Wallet,2.4,1288.8
ORD100005,24-04-2025,13:42:22,Ahmedabad,26474,PRD9645,Frozen Foods,5,117.25,10,69,UPI,3.8,527.6
ORD100006,11-05-2025,23:43:32,Bangalore,93929,PRD5192,Snacks,3,123.91,15,20,Debit Card,1.7,316.0
ORD100007,15-05-2025,23:07:41,Mumbai,25381,PRD3528,Fruits,5,245.94,20,63,Cash on Delivery,5.0,983.8
ORD100008,04-05-2025,22:09:19,Ahmedabad,52697,PRD7290,Household,3,124.84,15,79,Wallet,4.0,318.3
ORD100009,18-05-2025,07:24:12,Kolkata,21194,PRD4398,Bakery,2,441.93,10,73,Debit Card,2.0,795.5
ORD100010,06-05-2025,20:50:06,Pune,14365,PRD6370,Snacks,1,385.36,0,85,Cash on Delivery,2.3,385.4
ORD100011,16-05-2025,16:50:20,Kolkata,98052,PRD6664,Bakery,3,71.22,20,51,Credit Card,3.3,170.9
ORD100012,23-04-2025,13:59:45,Hyderabad,96661,PRD1208,Bakery,4,450.29,5,18,Wallet,2.5,1711.1
ORD100013,22-05-2025,09:56:24,Mumbai,93042,PRD8060,Beverages,2,173.87,15,25,Cash on Delivery,3.2,295.6
ORD100014,18-05-2025,01:18:36,Ahmedabad,41917,PRD9619,Vegetables,2,157.43,10,50,Debit Card,4.7,283.4
ORD100015,22-05-2025,14:01:56,Bangalore,84059,PRD6549,Beverages,3,317.77,0,84,Cash on Delivery,2.2,953.3
ORD100016,23-05-2025,00:50:28,Hyderabad,72984,PRD7452,Dairy,4,499.91,10,51,Wallet,1.1,1799.7
ORD100017,01-05-2025,14:52:09,Chennai,57777,PRD6984,Household,2,458.94,10,39,Debit Card,2.4,826.1
ORD100018,04-05-2025,00:06:58,Ahmedabad,28474,PRD5748,Fruits,2,203.15,20,33,Debit Card,4.1,325.0
ORD100019,17-05-2025,11:35:22,Ahmedabad,5819,PRD7756,Household,3,146.15,10,38,Credit Card,4.1,394.6
ORD100020,26-04-2025,05:51:49,Chennai,83056,PRD5719,Vegetables,2,423.33,20,80,Cash on Delivery,2.2,677.3
ORD100021,20-05-2025,18:20:15,Mumbai,39002,PRD3701,Snacks,4,69.51,20,36,Wallet,4.4,222.4
ORD100022,30-04-2025,06:50:31,Bangalore,52336,PRD1383,Bakery,2,262.78,0,23,UPI,3.1,525.6
ORD100023,26-04-2025,23:30:34,Kolkata,50659,PRD6903,Fruits,3,460.61,15,14,Wallet,3.8,1174.6
ORD100024,29-04-2025,04:30:51,Kolkata,55890,PRD1360,Household,3,186.36,20,33,UPI,4.1,447.3
ORD100025,12-05-2025,02:30:30,Delhi,69418,PRD1223,Bakery,3,164.23,15,85,Wallet,2.1,418.8
ORD100026,23-04-2025,07:04:43,Chennai,73347,PRD4441,Dairy,5,228.91,20,73,Cash on Delivery,3.5,915.6
ORD100027,08-05-2025,06:27:37,Kolkata,13493,PRD1691,Bakery,4,74.28,0,74,Wallet,3.0,297.1
ORD100028,10-05-2025,08:26:28,Delhi,36557,PRD2737,Bakery,4,29.47,0,53,UPI,4.3,117.9
ORD100029,29-04-2025,00:48:16,Hyderabad,12479,PRD9960,Bakery,4,394.19,10,50,Credit Card,1.2,1419.1
ORD100030,19-05-2025,13:19:04,Delhi,57084,PRD6430,Snacks,1,84.16,15,51,Credit Card,1.4,71.5
ORD100031,23-05-2025,01:38:35,Ahmedabad,30727,PRD4051,Snacks,4,291.97,0,35,Debit Card,2.9,1167.9
ORD100032,24-04-2025,20:14:13,Ahmedabad,47832,PRD1818,Bakery,5,163.88,5,72,Debit Card,1.2,778.4
ORD100033,26-04-2025,14:23:57,Delhi,32695,PRD1835,Snacks,4,293.41,20,28,Credit Card,4.6,938.9
ORD100034,22-05-2025,21:03:34,Kolkata,10445,PRD4809,Household,4,319.05,20,54,Debit Card,3.9,1021.0
ORD100035,07-05-2025,06:51:19,Pune,56239,PRD8192,Snacks,3,107.21,0,81,UPI,3.7,321.6
ORD100036,28-04-2025,03:29:55,Mumbai,7748,PRD5497,Household,1,75.94,15,77,UPI,2.4,64.5
ORD100037,12-05-2025,06:22:56,Ahmedabad,1001,PRD6868,Dairy,2,400.87,20,28,Wallet,3.6,641.4
ORD100038,05-05-2025,18:16:39,Chennai,97486,PRD4777,Beverages,2,438.88,20,53,Debit Card,2.8,702.2
ORD100039,21-05-2025,13:50:32,Chennai,22617,PRD5839,Bakery,4,111.87,5,75,Wallet,2.8,425.1
ORD100040,05-05-2025,02:20:50,Ahmedabad,50407,PRD9135,Frozen Foods,4,344.78,0,90,Cash on Delivery,2.0,1379.1
ORD100041,26-04-2025,14:31:15,Ahmedabad,9932,PRD4577,Vegetables,2,239.03,0,68,Debit Card,3.5,478.1
ORD100042,07-05-2025,03:32:49,Bangalore,10193,PRD4004,Household,5,375.25,5,46,Wallet,3.6,1782.4
ORD100043,13-05-2025,03:58:16,Chennai,59923,PRD1861,Fruits,5,79.15,15,79,Wallet,2.7,336.4
ORD100044,29-04-2025,16:48:15,Pune,80404,PRD8119,Household,3,43.36,20,55,Cash on Delivery,3.2,104.1
ORD100045,23-04-2025,16:05:47,Delhi,62982,PRD8513,Vegetables,1,120.93,15,88,Wallet,4.5,102.8
ORD100046,23-04-2025,20:08:29,Hyderabad,68302,PRD2673,Vegetables,4,196.10,15,36,Wallet,2.7,666.7
ORD100047,26-04-2025,18:57:38,Delhi,4385,PRD8444,Snacks,5,319.15,20,36,Credit Card,4.0,1276.6
ORD100048,23-04-2025,19:40:02,Ahmedabad,20606,PRD5872,Fruits,1,257.40,10,82,Debit Card,1.8,231.7
ORD100049,26-04-2025,14:13:26,Ahmedabad,1366,PRD5589,Beverages,3,434.32,5,62,UPI,3.9,1237.8
ORD100050,04-05-2025,03:58:54,Chennai,71501,PRD6609,Bakery,4,338.98,5,13,UPI,4.8,1288.1
ORD100051,26-04-2025,06:17:50,Kolkata,66335,PRD9283,Beverages,5,233.01,15,84,Credit Card,3.8,990.3
ORD100052,01-05-2025,07:57:04,Kolkata,11057,PRD1030,Bakery,5,184.10,20,39,UPI,1.9,736.4
ORD100053,18-05-2025,02:36:34,Pune,93043,PRD8703,Dairy,5,235.35,20,79,UPI,2.4,941.4
ORD100054,03-05-2025,14:53:03,Bangalore,34075,PRD7627,Frozen Foods,5,122.43,5,71,Cash on Delivery,1.6,581.5
ORD100055,14-05-2025,07:10:42,Ahmedabad,50587,PRD5402,Bakery,4,250.81,20,66,Cash on Delivery,4.4,802.6
ORD100056,29-04-2025,02:04:56,Ahmedabad,51952,PRD5519,Fruits,1,220.39,20,51,Debit Card,2.6,176.3
ORD100057,04-05-2025,22:44:42,Kolkata,86936,PRD5527,Vegetables,2,36.44,5,76,Debit Card,2.8,69.2
ORD100058,14-05-2025,14:09:35,Chennai,37694,PRD9144,Bakery,2,338.20,0,66,Credit Card,4.1,676.4
ORD100059,18-05-2025,06:13:15,Pune,13443,PRD7822,Frozen Foods,3,452.86,5,18,Debit Card,3.4,1290.7
ORD100060,30-04-2025,09:51:38,Delhi,92752,PRD4178,Frozen Foods,2,469.25,10,65,Cash on Delivery,3.5,844.7
ORD100061,14-05-2025,23:25:32,Delhi,64008,PRD5642,Frozen Foods,2,333.59,5,90,Debit Card,4.4,633.8
ORD100062,28-04-2025,17:52:19,Pune,54235,PRD5749,Bakery,2,225.34,10,52,Wallet,3.5,405.6
ORD100063,18-05-2025,03:56:55,Ahmedabad,90197,PRD6601,Vegetables,5,42.51,10,21,UPI,2.6,191.3
ORD100064,05-05-2025,01:50:50,Mumbai,13930,PRD9066,Household,5,135.83,20,15,Credit Card,1.3,543.3
ORD100065,23-04-2025,16:28:44,Kolkata,5334,PRD2679,Household,2,434.03,20,69,Wallet,4.3,694.4
ORD100066,20-05-2025,03:38:26,Hyderabad,64945,PRD9678,Snacks,5,238.31,20,42,Cash on Delivery,1.4,953.2
ORD100067,30-04-2025,10:49:21,Delhi,74739,PRD8535,Snacks,4,142.24,5,87,Wallet,3.5,540.5
ORD100068,07-05-2025,04:23:59,Kolkata,17105,PRD1891,Bakery,4,320.84,15,22,Wallet,2.5,1090.9
ORD100069,18-05-2025,17:32:02,Ahmedabad,55227,PRD1884,Bakery,4,74.48,10,87,Wallet,3.2,268.1
ORD100070,30-04-2025,07:01:03,Hyderabad,68110,PRD4690,Snacks,1,158.50,10,58,Cash on Delivery,1.4,142.7
ORD100071,28-04-2025,02:29:43,Chennai,88264,PRD3216,Frozen Foods,5,180.26,10,16,Wallet,2.1,811.2
ORD100072,02-05-2025,06:17:31,Mumbai,25382,PRD3471,Beverages,5,321.87,5,82,UPI,2.6,1528.9
ORD100073,22-05-2025,15:49:45,Ahmedabad,49160,PRD4933,Household,2,386.87,15,37,Debit Card,4.3,657.7
ORD100074,22-05-2025,13:38:57,Mumbai,34725,PRD5444,Bakery,5,136.45,0,62,Debit Card,1.7,682.3
ORD100075,17-05-2025,07:27:57,Pune,36313,PRD1041,Dairy,5,313.71,10,31,UPI,2.3,1411.7
ORD100076,05-05-2025,23:31:38,Delhi,59042,PRD3474,Dairy,2,129.80,10,80,Debit Card,2.7,233.6
ORD100077,11-05-2025,11:29:48,Chennai,75937,PRD1436,Frozen Foods,1,183.71,10,56,Debit Card,3.1,165.3
ORD100078,04-05-2025,06:28:31,Chennai,28753,PRD7261,Fruits,3,144.25,0,52,Debit Card,2.1,432.8
ORD100079,04-05-2025,11:31:29,Pune,84082,PRD8057,Snacks,3,285.73,5,21,UPI,5.0,814.3
ORD100080,07-05-2025,19:02:59,Hyderabad,8927,PRD6046,Fruits,1,433.89,15,74,Credit Card,2.0,368.8
ORD100081,12-05-2025,13:33:09,Delhi,89114,PRD8646,Beverages,4,315.58,15,18,Debit Card,2.5,1073.0
ORD100082,08-05-2025,22:02:26,Hyderabad,8919,PRD6189,Snacks,4,381.93,20,52,Debit Card,1.7,1222.2
ORD100083,15-05-2025,09:45:37,Hyderabad,9326,PRD6875,Vegetables,2,473.23,20,43,Debit Card,2.8,757.2
ORD100084,18-05-2025,08:58:51,Delhi,79669,PRD2641,Frozen Foods,5,47.09,0,60,Wallet,4.3,235.5
ORD100085,23-04-2025,23:48:54,Delhi,75909,PRD5886,Dairy,5,104.56,10,27,UPI,3.1,470.5
ORD100086,07-05-2025,12:37:12,Chennai,70721,PRD5042,Dairy,1,252.00,0,40,Wallet,3.7,252.0
ORD100087,09-05-2025,13:21:28,Bangalore,46782,PRD5087,Snacks,5,43.43,0,61,Debit Card,1.4,217.2
ORD100088,26-04-2025,20:34:54,Mumbai,77408,PRD8505,Household,2,155.82,20,78,Cash on Delivery,2.4,249.3
ORD100089,04-05-2025,23:18:58,Chennai,62526,PRD3044,Beverages,1,219.04,10,60,Cash on Delivery,2.3,197.1
ORD100090,12-05-2025,06:14:20,Chennai,45857,PRD5252,Snacks,5,240.44,15,20,UPI,4.5,1021.9
ORD100091,13-05-2025,08:48:26,Bangalore,39237,PRD3406,Vegetables,4,211.84,0,14,Credit Card,1.1,847.4
ORD100092,22-05-2025,10:06:50,Hyderabad,20861,PRD5962,Household,5,415.54,20,40,Credit Card,2.3,1662.2
ORD100093,05-05-2025,02:14:54,Kolkata,71147,PRD8639,Fruits,5,474.97,20,43,Credit Card,4.1,1899.9
ORD100094,25-04-2025,11:56:19,Bangalore,90257,PRD7483,Fruits,3,163.11,20,80,Credit Card,4.1,391.5
ORD100095,29-04-2025,05:15:14,Pune,12618,PRD6362,Beverages,4,77.02,10,28,UPI,1.7,277.3
ORD100096,19-05-2025,03:25:39,Bangalore,16633,PRD3629,Snacks,1,248.32,5,21,Debit Card,5.0,235.9
ORD100097,29-04-2025,02:03:54,Hyderabad,46615,PRD6943,Beverages,3,82.92,0,36,Debit Card,3.8,248.8
ORD100098,12-05-2025,04:02:08,Ahmedabad,79532,PRD5750,Fruits,2,498.89,5,40,Debit Card,3.7,947.9
ORD100099,16-05-2025,10:43:30,Hyderabad,60387,PRD5266,Beverages,5,470.63,15,13,Wallet,3.7,2000.2
ORD100100,15-05-2025,11:07:34,Mumbai,49780,PRD3870,Snacks,4,163.45,10,84,Debit Card,2.5,588.4
ORD100101,15-05-2025,08:16:31,Pune,2811,PRD6641,Household,2,114.09,15,35,Debit Card,4.8,194.0
ORD100102,23-04-2025,23:53:35,Ahmedabad,37852,PRD4359,Fruits,4,86.13,5,81,Cash on Delivery,2.3,327.3
ORD100103,14-05-2025,06:59:10,Kolkata,92048,PRD4336,Fruits,4,24.83,15,61,Wallet,4.0,84.4
ORD100104,16-05-2025,02:58:53,Mumbai,74233,PRD7714,Bakery,3,71.44,10,56,Cash on Delivery,1.9,192.9
ORD100105,26-04-2025,07:13:02,Mumbai,76838,PRD9963,Fruits,2,430.41,15,32,Wallet,3.8,731.7
ORD100106,22-05-2025,05:14:19,Ahmedabad,43580,PRD3865,Fruits,3,183.31,20,26,Credit Card,1.8,439.9
ORD100107,18-05-2025,12:21:17,Delhi,52893,PRD5791,Bakery,3,175.82,20,74,Debit Card,4.5,422.0
ORD100108,02-05-2025,19:07:25,Pune,93808,PRD5561,Beverages,4,432.25,20,68,Cash on Delivery,1.1,1383.2
ORD100109,08-05-2025,21:08:37,Mumbai,30811,PRD5258,Fruits,4,368.36,20,40,Debit Card,4.6,1178.8
ORD100110,16-05-2025,02:40:10,Mumbai,45502,PRD4965,Beverages,5,457.19,10,19,Debit Card,3.3,2057.4
ORD100111,06-05-2025,06:21:09,Pune,47623,PRD7353,Vegetables,5,326.44,20,31,Cash on Delivery,3.3,1305.8
ORD100112,13-05-2025,03:04:49,Pune,14569,PRD4788,Fruits,4,341.61,10,87,Debit Card,2.7,1229.8
ORD100113,23-04-2025,12:16:18,Pune,14411,PRD1906,Dairy,4,95.54,5,59,Credit Card,5.0,363.1
ORD100114,26-04-2025,08:35:15,Hyderabad,8454,PRD8901,Fruits,2,123.81,10,78,UPI,3.1,222.9
ORD100115,19-05-2025,03:59:42,Ahmedabad,75158,PRD9510,Bakery,4,471.84,20,64,UPI,4.0,1509.9
ORD100116,23-05-2025,00:40:07,Kolkata,26708,PRD8781,Snacks,2,87.08,0,30,Credit Card,4.2,174.2
ORD100117,07-05-2025,14:08:03,Ahmedabad,60772,PRD6298,Dairy,4,447.44,20,38,Credit Card,3.1,1431.8
ORD100118,22-05-2025,05:43:05,Chennai,26900,PRD4278,Vegetables,5,480.01,0,80,UPI,2.1,2400.1
ORD100119,16-05-2025,20:37:25,Ahmedabad,98291,PRD4281,Beverages,3,496.24,15,23,Cash on Delivery,4.4,1265.4
ORD100120,03-05-2025,17:25:08,Bangalore,88126,PRD9055,Vegetables,5,85.36,15,63,Cash on Delivery,1.7,362.8
ORD100121,08-05-2025,17:36:24,Hyderabad,24524,PRD2995,Frozen Foods,3,477.24,0,45,Credit Card,4.7,1431.7
ORD100122,14-05-2025,07:20:29,Ahmedabad,37299,PRD2054,Vegetables,5,343.93,15,72,Credit Card,3.8,1461.7
ORD100123,16-05-2025,09:32:00,Pune,83493,PRD3243,Beverages,2,68.66,5,86,Wallet,4.9,130.5
ORD100124,26-04-2025,05:22:16,Bangalore,57507,PRD3525,Snacks,1,236.22,5,23,Cash on Delivery,4.0,224.4
ORD100125,17-05-2025,11:39:48,Mumbai,20977,PRD8646,Frozen Foods,2,118.86,15,66,Debit Card,1.1,202.1
ORD100126,23-04-2025,12:27:28,Ahmedabad,18340,PRD3502,Vegetables,5,135.98,15,70,UPI,1.0,577.9
ORD100127,24-04-2025,16:13:36,Mumbai,30031,PRD5053,Dairy,3,384.35,5,84,Wallet,3.2,1095.4
ORD100128,21-05-2025,06:46:48,Bangalore,57155,PRD7037,Beverages,3,423.71,10,58,UPI,2.7,1144.0
ORD100129,23-04-2025,19:10:15,Chennai,70801,PRD5022,Snacks,2,95.08,10,70,Credit Card,2.1,171.1
ORD100130,17-05-2025,14:38:56,Delhi,28969,PRD8493,Household,5,58.95,20,27,Cash on Delivery,1.1,235.8
ORD100131,12-05-2025,15:27:28,Ahmedabad,82385,PRD3434,Bakery,5,214.83,10,79,Cash on Delivery,1.7,966.7
ORD100132,17-05-2025,17:17:17,Mumbai,40234,PRD6206,Dairy,4,494.42,0,54,Credit Card,2.6,1977.7
ORD100133,22-05-2025,00:52:16,Ahmedabad,5947,PRD8864,Fruits,1,141.38,5,64,Wallet,2.2,134.3
ORD100134,22-05-2025,12:20:26,Ahmedabad,22939,PRD5866,Beverages,5,117.71,15,20,Cash on Delivery,1.2,500.3
ORD100135,09-05-2025,03:31:26,Mumbai,7085,PRD8330,Snacks,4,310.51,10,11,Cash on Delivery,1.9,1117.8
ORD100136,25-04-2025,13:05:22,Ahmedabad,5899,PRD2969,Vegetables,5,310.80,15,84,Credit Card,2.8,1320.9
ORD100137,29-04-2025,10:51:35,Mumbai,93218,PRD8479,Frozen Foods,5,156.54,5,84,Credit Card,2.2,743.6
ORD100138,12-05-2025,06:28:28,Pune,22652,PRD2166,Beverages,3,262.23,20,21,Cash on Delivery,4.8,629.4
ORD100139,25-04-2025,20:17:58,Ahmedabad,39878,PRD7142,Household,3,434.95,10,28,Wallet,3.1,1174.4
ORD100140,24-04-2025,18:35:17,Delhi,34447,PRD7263,Beverages,1,495.16,0,72,Cash on Delivery,2.0,495.2
ORD100141,16-05-2025,20:36:33,Mumbai,70495,PRD4620,Frozen Foods,4,344.48,20,87,UPI,1.0,1102.3
ORD100142,06-05-2025,10:14:34,Delhi,73811,PRD7770,Dairy,3,306.10,5,86,UPI,4.1,872.4
ORD100143,08-05-2025,10:00:06,Ahmedabad,86206,PRD2395,Bakery,4,246.52,0,55,Credit Card,2.1,986.1
ORD100144,18-05-2025,13:33:52,Pune,87302,PRD8197,Fruits,5,54.72,15,65,Debit Card,1.3,232.6
ORD100145,20-05-2025,19:26:44,Kolkata,99269,PRD7172,Fruits,4,490.47,0,32,Debit Card,2.0,1961.9
ORD100146,21-05-2025,12:09:51,Chennai,66098,PRD8152,Snacks,2,488.80,0,78,Cash on Delivery,1.5,977.6
ORD100147,08-05-2025,03:30:46,Delhi,42380,PRD1413,Frozen Foods,2,431.72,5,39,Credit Card,2.6,820.3
ORD100148,13-05-2025,12:07:57,Mumbai,20713,PRD9240,Fruits,1,258.83,0,38,Debit Card,1.9,258.8
ORD100149,09-05-2025,16:52:02,Hyderabad,85328,PRD8952,Dairy,5,289.55,15,85,Credit Card,4.7,1230.6
ORD100150,30-04-2025,22:09:23,Mumbai,81120,PRD5946,Bakery,1,151.83,5,20,Debit Card,2.8,144.2
ORD100151,21-05-2025,13:28:43,Mumbai,32438,PRD6163,Dairy,3,413.84,15,24,Debit Card,2.9,1055.3
ORD100152,12-05-2025,01:33:25,Bangalore,2735,PRD4187,Snacks,2,23.86,5,63,Credit Card,4.4,45.3
ORD100153,17-05-2025,07:52:38,Delhi,79724,PRD6016,Snacks,4,414.52,10,23,Credit Card,3.4,1492.3
ORD100154,28-04-2025,12:26:51,Mumbai,89839,PRD2982,Household,1,231.06,0,83,Debit Card,2.5,231.1
ORD100155,28-04-2025,00:52:50,Chennai,5297,PRD6340,Snacks,3,48.12,15,17,UPI,3.1,122.7
ORD100156,26-04-2025,11:08:25,Bangalore,777,PRD6782,Dairy,1,83.80,20,48,UPI,4.9,67.0
ORD100157,01-05-2025,21:11:33,Kolkata,13844,PRD7735,Bakery,3,194.01,5,67,Cash on Delivery,3.4,552.9
ORD100158,26-04-2025,20:27:17,Hyderabad,20274,PRD5371,Frozen Foods,3,427.48,10,61,Debit Card,1.7,1154.2
ORD100159,14-05-2025,15:34:07,Hyderabad,5637,PRD3415,Beverages,2,389.81,0,47,UPI,3.9,779.6
ORD100160,15-05-2025,07:35:55,Hyderabad,51170,PRD8082,Beverages,3,486.10,5,47,Debit Card,5.0,1385.4
ORD100161,19-05-2025,02:56:06,Bangalore,80780,PRD7722,Beverages,5,355.06,0,53,Wallet,1.2,1775.3
ORD100162,01-05-2025,18:17:23,Hyderabad,73860,PRD7140,Household,5,259.04,0,64,Debit Card,3.6,1295.2
ORD100163,19-05-2025,20:42:34,Chennai,66944,PRD5635,Snacks,5,213.49,15,82,Cash on Delivery,4.3,907.3
ORD100164,16-05-2025,05:40:10,Kolkata,95532,PRD1181,Beverages,1,325.97,20,48,Cash on Delivery,3.4,260.8
ORD100165,09-05-2025,05:41:12,Bangalore,54716,PRD5862,Frozen Foods,5,258.14,0,69,UPI,4.3,1290.7
ORD100166,27-04-2025,10:54:32,Bangalore,17263,PRD5227,Beverages,3,249.37,5,83,Cash on Delivery,1.1,710.7
ORD100167,21-05-2025,01:16:54,Kolkata,44712,PRD1956,Fruits,4,166.11,20,63,Credit Card,4.2,531.6
ORD100168,29-04-2025,23:54:17,Mumbai,57328,PRD2709,Snacks,2,27.52,0,82,Credit Card,1.8,55.0
ORD100169,07-05-2025,15:00:36,Bangalore,69438,PRD5539,Bakery,4,159.43,20,55,Debit Card,3.5,510.2
ORD100170,13-05-2025,05:31:21,Chennai,2648,PRD2693,Beverages,3,436.79,15,62,Cash on Delivery,3.7,1113.8
ORD100171,20-05-2025,22:36:41,Kolkata,12106,PRD9978,Dairy,1,265.32,0,48,UPI,3.5,265.3
ORD100172,30-04-2025,14:38:42,Delhi,56205,PRD2922,Vegetables,1,170.71,15,82,UPI,3.2,145.1
ORD100173,13-05-2025,11:26:22,Ahmedabad,15075,PRD1031,Fruits,3,181.53,15,28,Debit Card,3.8,462.9
ORD100174,05-05-2025,02:13:27,Ahmedabad,10216,PRD4919,Vegetables,4,285.86,5,25,Debit Card,1.4,1086.3
ORD100175,16-05-2025,04:41:11,Mumbai,80735,PRD1430,Dairy,4,287.82,5,60,UPI,2.8,1093.7
ORD100176,25-04-2025,04:21:47,Ahmedabad,47785,PRD5464,Fruits,5,179.77,15,56,Credit Card,3.1,764.0
ORD100177,09-05-2025,12:27:36,Pune,73041,PRD2712,Household,3,311.76,20,69,UPI,3.3,748.2
ORD100178,09-05-2025,21:33:58,Mumbai,42538,PRD3501,Frozen Foods,1,303.13,20,61,Credit Card,2.8,242.5
ORD100179,05-05-2025,02:31:15,Pune,47429,PRD8096,Frozen Foods,2,398.63,20,57,Cash on Delivery,4.3,637.8
ORD100180,30-04-2025,08:45:43,Chennai,65982,PRD5682,Fruits,2,356.60,20,23,UPI,4.2,570.6
ORD100181,15-05-2025,06:34:38,Delhi,92194,PRD9997,Frozen Foods,1,81.19,5,62,Credit Card,2.1,77.1
ORD100182,07-05-2025,19:36:29,Delhi,99064,PRD4388,Bakery,2,436.23,15,34,Wallet,3.9,741.6
ORD100183,03-05-2025,10:28:22,Chennai,36833,PRD7492,Vegetables,1,445.11,20,88,Debit Card,3.5,356.1
ORD100184,15-05-2025,04:47:41,Hyderabad,28280,PRD7938,Fruits,1,347.18,10,14,UPI,4.4,312.5
ORD100185,13-05-2025,12:32:15,Delhi,14605,PRD8490,Dairy,2,78.53,10,75,Wallet,3.5,141.4
ORD100186,02-05-2025,11:47:47,Kolkata,24423,PRD8338,Frozen Foods,1,430.21,0,44,Credit Card,2.6,430.2
ORD100187,25-04-2025,00:04:04,Bangalore,96686,PRD5747,Household,4,61.18,5,90,Credit Card,1.7,232.5
ORD100188,14-05-2025,19:20:04,Ahmedabad,53851,PRD4318,Beverages,3,441.29,5,69,Debit Card,3.2,1257.7
ORD100189,24-04-2025,05:48:11,Pune,46411,PRD2865,Frozen Foods,1,282.34,15,87,Debit Card,1.5,240.0
ORD100190,10-05-2025,21:10:03,Ahmedabad,85456,PRD9090,Snacks,5,390.80,20,84,Debit Card,3.6,1563.2
ORD100191,26-04-2025,04:38:33,Delhi,88630,PRD8716,Household,3,289.05,5,72,Credit Card,4.3,823.8
ORD100192,21-05-2025,07:31:56,Mumbai,4730,PRD7460,Fruits,2,225.36,20,81,Debit Card,1.6,360.6
ORD100193,12-05-2025,17:11:12,Hyderabad,79691,PRD5542,Household,1,224.11,15,68,Cash on Delivery,3.9,190.5
ORD100194,06-05-2025,02:31:51,Pune,7828,PRD5004,Dairy,2,39.66,10,57,Wallet,4.4,71.4
ORD100195,05-05-2025,03:03:48,Ahmedabad,9324,PRD3023,Dairy,5,449.68,20,79,UPI,1.7,1798.7
ORD100196,22-05-2025,20:19:54,Mumbai,92140,PRD1984,Vegetables,5,471.97,0,35,Debit Card,3.8,2359.9
ORD100197,15-05-2025,08:41:37,Ahmedabad,97060,PRD4491,Fruits,5,331.56,0,63,Credit Card,1.8,1657.8
ORD100198,27-04-2025,01:22:54,Bangalore,72994,PRD3855,Snacks,1,472.97,5,73,Debit Card,4.7,449.3
ORD100199,17-05-2025,19:06:30,Pune,61638,PRD4542,Beverages,3,243.19,0,15,Debit Card,2.6,729.6
ORD100200,12-05-2025,07:16:06,Mumbai,68449,PRD9337,Snacks,3,353.90,0,40,Credit Card,1.0,1061.7
ORD100201,29-04-2025,13:36:47,Chennai,23792,PRD4897,Fruits,5,273.58,10,62,UPI,1.8,1231.1
ORD100202,19-05-2025,06:51:10,Mumbai,12514,PRD9179,Beverages,2,186.36,15,12,Debit Card,1.1,316.8
ORD100203,06-05-2025,04:33:40,Chennai,94815,PRD3199,Household,4,34.56,10,76,Cash on Delivery,3.4,124.4
ORD100204,01-05-2025,16:12:26,Ahmedabad,75167,PRD2642,Dairy,2,455.00,5,89,UPI,3.4,864.5
ORD100205,19-05-2025,00:51:44,Delhi,63016,PRD3391,Household,2,239.61,20,42,UPI,3.6,383.4
ORD100206,11-05-2025,19:31:48,Kolkata,37737,PRD7225,Beverages,5,475.42,20,83,Cash on Delivery,1.1,1901.7
ORD100207,22-05-2025,04:59:40,Kolkata,38237,PRD2132,Frozen Foods,2,473.42,15,26,Wallet,1.1,804.8
ORD100208,30-04-2025,06:41:31,Hyderabad,61054,PRD8915,Household,2,180.98,15,23,Credit Card,3.8,307.7
ORD100209,03-05-2025,17:05:48,Hyderabad,26800,PRD5494,Beverages,4,435.89,15,71,Credit Card,2.3,1482.0
ORD100210,01-05-2025,14:50:03,Delhi,93491,PRD5173,Frozen Foods,3,281.38,10,73,Credit Card,4.5,759.7
ORD100211,10-05-2025,22:38:36,Mumbai,1220,PRD2648,Frozen Foods,3,152.22,15,62,Wallet,2.0,388.2
ORD100212,08-05-2025,17:35:03,Pune,64124,PRD1215,Dairy,3,265.29,5,59,Credit Card,1.3,756.1
ORD100213,15-05-2025,12:10:07,Delhi,23380,PRD7152,Snacks,4,198.89,15,56,Debit Card,2.9,676.2
ORD100214,16-05-2025,11:04:48,Ahmedabad,97151,PRD6380,Vegetables,5,255.13,20,52,Credit Card,4.8,1020.5
ORD100215,14-05-2025,00:31:33,Hyderabad,36664,PRD3746,Snacks,5,210.30,20,30,Wallet,4.5,841.2
ORD100216,15-05-2025,04:28:25,Hyderabad,49424,PRD2111,Bakery,1,323.23,5,43,Debit Card,3.1,307.1
ORD100217,13-05-2025,11:46:52,Pune,79609,PRD6373,Vegetables,1,413.94,0,83,Debit Card,3.2,413.9
ORD100218,15-05-2025,18:56:22,Ahmedabad,42943,PRD1041,Bakery,2,312.59,15,81,Debit Card,3.4,531.4
ORD100219,22-05-2025,03:53:59,Pune,15168,PRD4178,Household,5,227.54,10,43,Credit Card,4.9,1023.9
ORD100220,13-05-2025,07:14:29,Delhi,83560,PRD1484,Frozen Foods,4,278.38,5,18,Wallet,2.8,1057.8
ORD100221,21-05-2025,01:02:49,Ahmedabad,67151,PRD8597,Beverages,2,50.24,5,71,Cash on Delivery,1.2,95.5
ORD100222,23-04-2025,23:41:46,Mumbai,50124,PRD9017,Bakery,1,317.50,20,54,Wallet,4.2,254.0
ORD100223,12-05-2025,21:05:20,Chennai,96687,PRD2902,Dairy,3,171.22,15,47,Wallet,2.3,436.6
ORD100224,23-04-2025,21:40:52,Mumbai,10418,PRD8362,Vegetables,3,394.37,20,83,UPI,4.3,946.5
ORD100225,11-05-2025,06:03:22,Pune,13249,PRD5517,Household,1,53.55,5,87,Wallet,3.4,50.9
ORD100226,21-05-2025,20:56:03,Bangalore,88601,PRD9668,Bakery,5,488.24,10,80,Wallet,4.7,2197.1
ORD100227,10-05-2025,12:39:08,Delhi,50536,PRD6838,Bakery,3,310.69,10,81,UPI,3.8,838.9
ORD100228,06-05-2025,04:01:38,Hyderabad,25860,PRD9292,Dairy,1,344.92,20,42,Credit Card,1.4,275.9
ORD100229,18-05-2025,05:29:02,Mumbai,17180,PRD4179,Dairy,2,204.52,20,25,Credit Card,3.7,327.2
ORD100230,06-05-2025,04:47:12,Bangalore,88719,PRD6806,Fruits,2,272.57,0,65,Cash on Delivery,4.9,545.1
ORD100231,02-05-2025,16:10:52,Pune,4252,PRD4013,Snacks,4,131.10,10,13,UPI,4.0,472.0
ORD100232,07-05-2025,04:09:20,Mumbai,44113,PRD4556,Dairy,2,259.10,5,90,UPI,3.1,492.3
ORD100233,24-04-2025,11:33:28,Hyderabad,3410,PRD4517,Bakery,5,325.50,10,19,UPI,1.8,1464.8
ORD100234,15-05-2025,16:31:58,Hyderabad,47832,PRD3738,Beverages,4,82.40,15,54,Credit Card,2.1,280.2
ORD100235,02-05-2025,06:02:22,Bangalore,66114,PRD5358,Beverages,2,346.67,0,62,UPI,2.2,693.3
ORD100236,04-05-2025,03:34:57,Bangalore,18593,PRD8231,Household,1,457.43,15,43,Credit Card,2.1,388.8
ORD100237,02-05-2025,20:22:09,Pune,92320,PRD5268,Dairy,4,304.02,10,33,Credit Card,3.6,1094.5
ORD100238,26-04-2025,00:33:40,Hyderabad,63394,PRD8718,Beverages,1,259.84,0,78,Credit Card,2.5,259.8
ORD100239,28-04-2025,19:16:00,Mumbai,25998,PRD8839,Frozen Foods,2,418.59,10,56,Wallet,4.5,753.5
ORD100240,19-05-2025,02:09:16,Chennai,21527,PRD9950,Dairy,5,311.26,15,57,UPI,4.2,1322.9
ORD100241,12-05-2025,20:25:52,Chennai,29650,PRD2305,Frozen Foods,3,407.07,5,71,Wallet,2.3,1160.1
ORD100242,02-05-2025,19:55:04,Hyderabad,15856,PRD9764,Frozen Foods,5,370.38,20,81,UPI,1.5,1481.5
ORD100243,28-04-2025,15:29:57,Kolkata,91058,PRD4437,Dairy,3,191.84,20,16,Cash on Delivery,3.4,460.4
ORD100244,02-05-2025,12:06:40,Ahmedabad,83367,PRD1428,Household,1,460.20,5,64,Wallet,1.1,437.2
ORD100245,05-05-2025,03:23:52,Mumbai,46395,PRD3092,Vegetables,2,52.87,10,87,Debit Card,4.2,95.2
ORD100246,09-05-2025,05:21:11,Ahmedabad,22783,PRD5386,Vegetables,3,47.17,10,67,Credit Card,4.2,127.4
ORD100247,30-04-2025,13:43:11,Chennai,31748,PRD7189,Dairy,3,266.54,0,81,Debit Card,3.2,799.6
ORD100248,13-05-2025,08:45:23,Pune,68846,PRD2231,Vegetables,1,406.98,10,38,UPI,3.1,366.3
ORD100249,14-05-2025,12:40:59,Delhi,8033,PRD2942,Household,1,447.10,20,83,Wallet,1.9,357.7
ORD100250,06-05-2025,21:29:29,Pune,89257,PRD8646,Bakery,5,320.38,10,40,UPI,2.7,1441.7
ORD100251,03-05-2025,22:06:29,Chennai,81134,PRD5466,Vegetables,4,283.69,5,72,Credit Card,3.1,1078.0
ORD100252,12-05-2025,09:16:31,Mumbai,30817,PRD5179,Fruits,2,76.35,5,50,UPI,3.8,145.1
ORD100253,10-05-2025,20:13:44,Mumbai,72596,PRD5081,Bakery,2,116.29,15,55,UPI,2.3,197.7
ORD100254,01-05-2025,21:07:24,Pune,74052,PRD9747,Bakery,5,259.18,15,10,UPI,5.0,1101.5
ORD100255,11-05-2025,08:29:34,Bangalore,15031,PRD4999,Vegetables,4,136.17,0,69,UPI,1.6,544.7
ORD100256,23-05-2025,01:38:17,Mumbai,4584,PRD4327,Frozen Foods,3,215.92,10,21,Debit Card,2.2,583.0
ORD100257,27-04-2025,17:44:11,Ahmedabad,10105,PRD5139,Dairy,2,442.87,5,49,UPI,2.1,841.5
ORD100258,10-05-2025,18:54:43,Bangalore,46712,PRD4956,Snacks,4,133.49,10,89,Credit Card,5.0,480.6
ORD100259,14-05-2025,01:10:23,Pune,78371,PRD3787,Fruits,5,250.45,15,23,Debit Card,4.0,1064.4
ORD100260,20-05-2025,09:58:28,Mumbai,94919,PRD5521,Household,5,120.47,0,56,UPI,1.2,602.4
ORD100261,14-05-2025,11:49:55,Bangalore,47399,PRD2201,Fruits,1,370.81,20,80,Cash on Delivery,1.5,296.6
ORD100262,16-05-2025,00:32:05,Hyderabad,75094,PRD2378,Beverages,4,176.56,15,21,UPI,3.3,600.3
ORD100263,27-04-2025,00:28:26,Kolkata,27261,PRD9866,Snacks,2,451.89,0,58,Wallet,2.0,903.8
ORD100264,12-05-2025,14:06:38,Bangalore,41614,PRD8159,Beverages,1,107.74,10,70,Debit Card,1.7,97.0
ORD100265,19-05-2025,11:46:02,Bangalore,94624,PRD6039,Dairy,3,58.47,0,31,Debit Card,4.6,175.4
ORD100266,29-04-2025,18:29:25,Chennai,41945,PRD5152,Beverages,4,320.22,20,89,Cash on Delivery,1.5,1024.7
ORD100267,13-05-2025,10:21:42,Delhi,22674,PRD6141,Bakery,3,161.80,10,12,UPI,4.9,436.9
ORD100268,22-05-2025,21:53:43,Hyderabad,49507,PRD7180,Household,2,478.97,5,22,UPI,3.4,910.0
ORD100269,19-05-2025,17:56:47,Pune,81842,PRD1743,Frozen Foods,4,32.46,5,87,Wallet,3.8,123.3
ORD100270,21-05-2025,13:30:26,Bangalore,87281,PRD3440,Bakery,2,470.48,10,64,Debit Card,2.8,846.9
ORD100271,04-05-2025,18:01:51,Pune,74500,PRD5321,Fruits,3,266.73,10,74,Cash on Delivery,1.7,720.2
ORD100272,19-05-2025,08:35:01,Hyderabad,49638,PRD4281,Frozen Foods,1,37.98,20,90,Credit Card,1.0,30.4
ORD100273,07-05-2025,04:23:09,Kolkata,17777,PRD5157,Dairy,1,274.71,10,46,Credit Card,2.6,247.2
ORD100274,29-04-2025,17:47:40,Pune,14365,PRD6038,Dairy,2,447.26,0,86,Credit Card,4.0,894.5
ORD100275,18-05-2025,19:23:35,Pune,88742,PRD8938,Fruits,3,258.76,15,23,Debit Card,2.8,659.8
ORD100276,02-05-2025,02:40:30,Chennai,14758,PRD6192,Vegetables,1,173.05,10,50,Credit Card,2.3,155.7
ORD100277,20-05-2025,20:45:18,Bangalore,87954,PRD4701,Household,4,479.21,10,75,Wallet,4.1,1725.2
ORD100278,12-05-2025,09:27:52,Delhi,61698,PRD7123,Fruits,4,435.33,0,72,Wallet,4.2,1741.3
ORD100279,16-05-2025,05:33:49,Chennai,63838,PRD1967,Fruits,3,403.34,10,71,Credit Card,2.8,1089.0
ORD100280,09-05-2025,13:34:38,Kolkata,66734,PRD5427,Vegetables,1,28.41,15,86,Credit Card,3.6,24.1
ORD100281,04-05-2025,11:18:36,Kolkata,20782,PRD2737,Dairy,2,379.97,20,86,Wallet,2.5,608.0
ORD100282,21-05-2025,10:21:25,Chennai,82858,PRD7942,Beverages,5,198.12,0,13,Debit Card,1.5,990.6
ORD100283,23-04-2025,22:28:50,Mumbai,12715,PRD8398,Bakery,4,282.46,15,13,Credit Card,4.4,960.4
ORD100284,24-04-2025,19:52:07,Ahmedabad,70986,PRD3632,Household,1,240.73,10,74,Cash on Delivery,3.8,216.7
ORD100285,11-05-2025,04:27:10,Delhi,87955,PRD7290,Beverages,5,46.09,10,90,Debit Card,2.4,207.4
ORD100286,26-04-2025,02:56:45,Ahmedabad,56293,PRD6158,Beverages,4,162.90,15,77,Debit Card,3.1,553.9
ORD100287,06-05-2025,20:45:53,Chennai,14672,PRD4482,Bakery,4,96.92,0,63,Debit Card,2.6,387.7
ORD100288,10-05-2025,18:15:33,Bangalore,7791,PRD3249,Vegetables,3,163.55,20,32,Credit Card,4.5,392.5
ORD100289,27-04-2025,15:42:33,Ahmedabad,77097,PRD4666,Bakery,1,270.15,5,55,Wallet,2.1,256.6
ORD100290,17-05-2025,14:09:27,Delhi,88430,PRD9991,Fruits,1,293.93,5,81,Credit Card,2.3,279.2
ORD100291,06-05-2025,11:09:45,Kolkata,34795,PRD5695,Snacks,1,120.56,10,58,Credit Card,4.0,108.5
ORD100292,23-04-2025,16:42:53,Kolkata,73078,PRD7621,Fruits,4,25.80,5,21,Debit Card,5.0,98.0
ORD100293,10-05-2025,10:17:08,Ahmedabad,65641,PRD8746,Dairy,5,211.66,20,67,Debit Card,4.1,846.6
ORD100294,15-05-2025,18:02:19,Hyderabad,67188,PRD7337,Dairy,2,182.16,15,88,Wallet,3.8,309.7
ORD100295,26-04-2025,14:32:47,Chennai,32743,PRD2565,Fruits,5,442.02,10,29,Wallet,5.0,1989.1
ORD100296,17-05-2025,13:09:36,Hyderabad,71911,PRD3284,Snacks,5,302.14,20,57,Cash on Delivery,2.1,1208.6
ORD100297,14-05-2025,22:06:15,Mumbai,96214,PRD7447,Fruits,5,125.75,5,39,UPI,3.1,597.3
ORD100298,22-05-2025,07:08:23,Delhi,58608,PRD4944,Fruits,4,128.01,15,40,Cash on Delivery,2.4,435.2
ORD100299,26-04-2025,12:16:21,Chennai,79358,PRD8584,Fruits,5,65.95,5,39,UPI,4.2,313.3
ORD100300,28-04-2025,17:23:24,Mumbai,74736,PRD4497,Vegetables,1,33.27,20,11,Cash on Delivery,3.0,26.6
ORD100301,15-05-2025,18:48:56,Hyderabad,76775,PRD5313,Bakery,2,58.18,15,31,Credit Card,2.3,98.9
ORD100302,29-04-2025,09:25:03,Bangalore,56715,PRD1084,Frozen Foods,1,139.79,15,17,Wallet,4.7,118.8
ORD100303,09-05-2025,12:31:21,Chennai,89410,PRD8485,Bakery,1,204.89,10,43,Cash on Delivery,3.7,184.4
ORD100304,23-04-2025,19:24:41,Hyderabad,27768,PRD1598,Vegetables,5,106.67,15,11,Debit Card,2.5,453.3
ORD100305,26-04-2025,03:05:39,Delhi,45943,PRD5711,Vegetables,1,384.91,15,14,UPI,4.1,327.2
ORD100306,09-05-2025,17:14:19,Pune,69397,PRD4767,Beverages,4,402.82,5,66,Cash on Delivery,3.3,1530.7
ORD100307,28-04-2025,00:53:07,Hyderabad,68414,PRD8611,Vegetables,2,158.45,20,31,Debit Card,4.6,253.5
ORD100308,25-04-2025,19:38:09,Mumbai,23307,PRD2838,Bakery,3,492.97,15,52,Wallet,1.7,1257.1
ORD100309,02-05-2025,05:54:46,Hyderabad,41391,PRD9385,Snacks,1,128.29,20,44,Cash on Delivery,3.1,102.6
ORD100310,28-04-2025,18:02:52,Chennai,58470,PRD4953,Bakery,2,302.23,20,88,Wallet,1.3,483.6
ORD100311,29-04-2025,04:06:22,Pune,70038,PRD1138,Household,5,122.31,0,74,Debit Card,4.4,611.6
ORD100312,03-05-2025,22:10:18,Bangalore,7539,PRD8850,Dairy,5,329.45,10,36,UPI,1.5,1482.5
ORD100313,02-05-2025,21:15:30,Ahmedabad,55648,PRD6979,Beverages,1,141.06,20,86,Debit Card,3.7,112.8
ORD100314,16-05-2025,15:11:38,Mumbai,49826,PRD9594,Dairy,3,286.70,0,68,UPI,2.4,860.1
ORD100315,09-05-2025,02:59:26,Ahmedabad,93145,PRD7116,Bakery,2,192.08,15,36,Debit Card,4.5,326.5
ORD100316,15-05-2025,18:30:22,Kolkata,53189,PRD1103,Frozen Foods,4,249.03,0,13,UPI,3.9,996.1
ORD100317,13-05-2025,11:03:21,Chennai,41993,PRD7349,Fruits,4,436.20,10,27,Cash on Delivery,3.5,1570.3
ORD100318,19-05-2025,21:15:41,Bangalore,27025,PRD7470,Beverages,4,351.81,20,15,Wallet,2.5,1125.8
ORD100319,01-05-2025,05:19:46,Bangalore,58939,PRD1664,Fruits,5,301.55,0,23,Wallet,3.3,1507.8
ORD100320,09-05-2025,11:26:07,Hyderabad,66574,PRD7071,Fruits,2,305.00,10,62,Wallet,2.9,549.0
ORD100321,19-05-2025,11:30:28,Chennai,28213,PRD7304,Beverages,3,404.38,20,37,Cash on Delivery,1.7,970.5
ORD100322,21-05-2025,17:06:55,Pune,73725,PRD2567,Snacks,3,136.92,10,69,Debit Card,2.5,369.7
ORD100323,25-04-2025,04:14:24,Chennai,84825,PRD2121,Fruits,1,181.58,10,62,Wallet,4.1,163.4
ORD100324,07-05-2025,14:14:34,Hyderabad,27038,PRD9310,Snacks,5,328.74,5,84,Credit Card,1.2,1561.5
ORD100325,15-05-2025,15:11:24,Ahmedabad,84469,PRD1192,Vegetables,4,311.58,0,88,Cash on Delivery,4.4,1246.3
ORD100326,18-05-2025,01:59:47,Delhi,62431,PRD8733,Frozen Foods,4,308.41,10,82,Debit Card,1.2,1110.3
ORD100327,15-05-2025,17:46:10,Mumbai,16548,PRD8811,Frozen Foods,3,63.00,15,16,Credit Card,3.7,160.7
ORD100328,26-04-2025,03:30:10,Chennai,1517,PRD8209,Frozen Foods,1,382.71,5,22,Cash on Delivery,2.4,363.6
ORD100329,04-05-2025,19:41:13,Mumbai,35900,PRD5506,Vegetables,5,232.63,15,19,Credit Card,1.5,988.7
ORD100330,25-04-2025,22:59:54,Chennai,76690,PRD1970,Bakery,3,313.97,20,70,Debit Card,1.5,753.5
ORD100331,28-04-2025,11:14:32,Ahmedabad,65387,PRD6873,Dairy,2,348.32,5,87,Credit Card,4.8,661.8
ORD100332,04-05-2025,01:25:42,Chennai,77037,PRD7097,Beverages,2,320.01,10,33,Debit Card,3.6,576.0
ORD100333,12-05-2025,14:04:29,Ahmedabad,11055,PRD5711,Fruits,3,334.45,0,51,UPI,1.6,1003.4
ORD100334,18-05-2025,01:35:53,Kolkata,39439,PRD4335,Frozen Foods,4,461.35,10,45,Credit Card,3.7,1660.9
ORD100335,07-05-2025,08:05:44,Pune,84957,PRD9138,Fruits,1,428.28,10,83,UPI,4.9,385.5
ORD100336,24-04-2025,10:47:03,Pune,65116,PRD5953,Beverages,1,62.33,0,13,Cash on Delivery,4.2,62.3
ORD100337,11-05-2025,16:59:13,Chennai,62722,PRD3351,Snacks,1,199.88,5,42,Cash on Delivery,2.0,189.9
ORD100338,20-05-2025,06:35:35,Ahmedabad,95620,PRD6354,Bakery,2,328.85,5,88,Cash on Delivery,3.2,624.8
ORD100339,09-05-2025,02:16:56,Mumbai,97526,PRD3214,Fruits,2,301.33,0,56,UPI,3.0,602.7
ORD100340,22-05-2025,08:43:04,Bangalore,70956,PRD5079,Fruits,5,32.07,10,72,UPI,1.8,144.3
ORD100341,16-05-2025,05:25:31,Delhi,87321,PRD2010,Dairy,2,413.61,15,47,Cash on Delivery,4.4,703.1
ORD100342,14-05-2025,07:36:06,Ahmedabad,65820,PRD8438,Beverages,2,73.81,20,46,Debit Card,3.2,118.1
ORD100343,05-05-2025,09:00:27,Delhi,64670,PRD6333,Dairy,4,411.23,5,73,Cash on Delivery,4.8,1562.7
ORD100344,17-05-2025,17:22:23,Mumbai,18834,PRD8478,Beverages,4,35.86,5,13,Credit Card,4.9,136.3
ORD100345,08-05-2025,19:45:47,Bangalore,63788,PRD9647,Dairy,5,300.10,5,49,UPI,1.7,1425.5
ORD100346,10-05-2025,19:01:59,Delhi,97435,PRD8454,Vegetables,2,92.01,10,17,Cash on Delivery,3.9,165.6
ORD100347,05-05-2025,05:13:27,Chennai,36688,PRD2434,Household,3,157.21,0,90,Cash on Delivery,4.2,471.6
ORD100348,30-04-2025,11:13:10,Pune,9051,PRD4355,Fruits,2,228.63,10,70,UPI,4.8,411.5
ORD100349,12-05-2025,15:28:20,Pune,97988,PRD2660,Vegetables,2,80.80,10,47,UPI,4.5,145.4
ORD100350,12-05-2025,11:59:47,Ahmedabad,55412,PRD1764,Beverages,4,210.57,10,39,UPI,4.6,758.1
ORD100351,11-05-2025,23:15:05,Hyderabad,17611,PRD1000,Household,4,432.86,0,14,UPI,1.4,1731.4
ORD100352,24-04-2025,02:11:46,Kolkata,16977,PRD1166,Frozen Foods,4,368.21,15,54,Wallet,2.4,1251.9
ORD100353,07-05-2025,13:58:34,Chennai,73450,PRD4907,Vegetables,4,168.85,5,57,UPI,3.0,641.6
ORD100354,13-05-2025,20:05:54,Ahmedabad,74531,PRD5370,Household,2,312.63,0,19,UPI,2.5,625.3
ORD100355,12-05-2025,12:32:30,Delhi,89451,PRD5531,Bakery,4,319.58,15,31,Cash on Delivery,4.5,1086.6
ORD100356,04-05-2025,09:38:24,Mumbai,43600,PRD6787,Dairy,3,123.73,20,52,Wallet,3.6,297.0
ORD100357,03-05-2025,18:51:23,Delhi,86765,PRD5705,Fruits,2,498.56,0,59,Wallet,3.4,997.1
ORD100358,28-04-2025,21:29:12,Delhi,45400,PRD1037,Frozen Foods,1,217.67,5,39,UPI,4.9,206.8
ORD100359,28-04-2025,05:16:08,Hyderabad,1723,PRD7548,Fruits,5,32.47,20,12,Debit Card,4.9,129.9
ORD100360,26-04-2025,08:33:52,Chennai,54424,PRD1003,Household,2,192.52,5,29,Wallet,4.0,365.8
ORD100361,05-05-2025,04:03:49,Chennai,67350,PRD1166,Snacks,2,292.28,0,65,Debit Card,4.0,584.6
ORD100362,15-05-2025,09:10:32,Mumbai,72771,PRD6505,Bakery,4,382.51,10,55,Cash on Delivery,4.1,1377.0
ORD100363,13-05-2025,01:20:49,Ahmedabad,30915,PRD6105,Vegetables,4,160.48,20,42,UPI,2.4,513.5
ORD100364,24-04-2025,16:54:25,Delhi,99221,PRD1850,Beverages,2,392.66,0,86,Credit Card,4.7,785.3
ORD100365,19-05-2025,17:03:42,Bangalore,15011,PRD5718,Frozen Foods,3,55.55,0,43,Wallet,2.2,166.7
ORD100366,19-05-2025,21:48:51,Kolkata,92423,PRD2819,Fruits,3,47.11,5,66,Credit Card,4.1,134.3
ORD100367,12-05-2025,17:53:27,Chennai,94193,PRD3245,Dairy,1,169.32,0,72,Debit Card,3.3,169.3
ORD100368,26-04-2025,03:21:15,Delhi,39308,PRD7703,Beverages,4,339.41,20,57,Debit Card,2.5,1086.1
ORD100369,25-04-2025,08:09:05,Kolkata,7056,PRD1552,Snacks,5,20.93,20,69,Cash on Delivery,2.2,83.7
ORD100370,01-05-2025,12:38:37,Delhi,35689,PRD7315,Beverages,4,111.81,15,70,Debit Card,2.7,380.2
ORD100371,20-05-2025,03:42:29,Ahmedabad,45412,PRD9560,Bakery,3,481.82,15,54,Wallet,4.6,1228.6
ORD100372,11-05-2025,03:09:23,Delhi,34252,PRD8163,Snacks,4,113.92,5,59,Credit Card,4.9,432.9
ORD100373,24-04-2025,08:32:08,Ahmedabad,70189,PRD8431,Fruits,5,315.17,10,28,Wallet,1.8,1418.3
ORD100374,01-05-2025,16:13:15,Pune,50552,PRD1856,Snacks,1,420.15,20,51,Debit Card,2.2,336.1
ORD100375,13-05-2025,15:10:40,Hyderabad,15563,PRD9980,Vegetables,1,93.35,0,42,Debit Card,4.3,93.4
ORD100376,30-04-2025,10:34:08,Delhi,66571,PRD2904,Frozen Foods,4,110.25,0,64,Cash on Delivery,3.9,441.0
ORD100377,19-05-2025,19:50:34,Delhi,19004,PRD6152,Dairy,5,429.71,20,72,Wallet,1.7,1718.8
ORD100378,17-05-2025,22:11:16,Delhi,93325,PRD4115,Beverages,4,114.76,15,48,Cash on Delivery,2.7,390.2
ORD100379,26-04-2025,20:13:55,Chennai,94268,PRD4378,Snacks,2,72.71,0,83,Debit Card,3.5,145.4
ORD100380,08-05-2025,12:01:57,Chennai,43962,PRD5423,Beverages,3,221.76,5,46,Credit Card,1.2,632.0
ORD100381,11-05-2025,07:17:01,Ahmedabad,49633,PRD3609,Fruits,4,133.92,5,39,Debit Card,2.9,508.9
ORD100382,27-04-2025,13:24:13,Hyderabad,90525,PRD4490,Fruits,5,188.53,10,62,Wallet,1.4,848.4
ORD100383,21-05-2025,14:28:37,Delhi,13310,PRD4516,Dairy,1,38.49,5,83,Credit Card,3.4,36.6
ORD100384,21-05-2025,05:57:47,Delhi,54930,PRD2270,Bakery,1,233.37,15,73,Cash on Delivery,4.2,198.4
ORD100385,19-05-2025,10:11:56,Delhi,37925,PRD6558,Vegetables,5,107.32,0,47,Credit Card,4.7,536.6
ORD100386,17-05-2025,13:04:57,Pune,78313,PRD7928,Bakery,2,84.20,15,72,Cash on Delivery,1.7,143.1
ORD100387,02-05-2025,03:49:04,Mumbai,75671,PRD1460,Household,5,468.92,15,58,Debit Card,2.9,1992.9
ORD100388,06-05-2025,14:53:07,Ahmedabad,87749,PRD8507,Dairy,4,199.33,0,23,Cash on Delivery,1.3,797.3
ORD100389,01-05-2025,05:31:34,Kolkata,55182,PRD8777,Fruits,4,445.53,10,34,Cash on Delivery,3.0,1603.9
ORD100390,26-04-2025,02:21:17,Delhi,35703,PRD9175,Dairy,4,67.56,5,45,UPI,4.2,256.7
ORD100391,27-04-2025,06:16:01,Ahmedabad,36220,PRD5185,Bakery,2,440.79,20,90,Credit Card,1.2,705.3
ORD100392,14-05-2025,15:56:08,Ahmedabad,91856,PRD8601,Fruits,4,350.46,20,44,Debit Card,4.5,1121.5
ORD100393,04-05-2025,23:26:17,Bangalore,34571,PRD2573,Snacks,3,205.50,20,63,Debit Card,2.9,493.2
ORD100394,19-05-2025,16:53:18,Mumbai,3556,PRD4786,Snacks,3,97.61,20,31,Debit Card,5.0,234.3
ORD100395,16-05-2025,20:51:27,Pune,97659,PRD9860,Fruits,1,95.62,0,41,Cash on Delivery,4.4,95.6
ORD100396,17-05-2025,05:48:17,Delhi,51122,PRD4448,Fruits,5,256.31,20,69,Debit Card,2.2,1025.2
ORD100397,27-04-2025,15:16:58,Pune,88243,PRD3090,Vegetables,3,438.86,0,33,Debit Card,3.0,1316.6
ORD100398,11-05-2025,20:56:16,Delhi,50823,PRD7107,Frozen Foods,4,291.64,10,72,Cash on Delivery,2.9,1049.9
ORD100399,23-04-2025,02:45:06,Mumbai,5241,PRD9197,Frozen Foods,1,204.63,0,35,UPI,1.9,204.6
ORD100400,29-04-2025,15:31:04,Kolkata,92970,PRD1542,Household,2,52.06,5,32,Wallet,2.1,98.9
ORD100401,24-04-2025,00:53:42,Hyderabad,86658,PRD9243,Vegetables,5,125.12,20,19,Debit Card,3.3,500.5
ORD100402,16-05-2025,20:25:03,Ahmedabad,31878,PRD5103,Fruits,1,184.92,15,25,Credit Card,2.9,157.2
ORD100403,19-05-2025,02:40:12,Chennai,62839,PRD9780,Dairy,3,144.44,0,30,Cash on Delivery,1.8,433.3
ORD100404,18-05-2025,08:20:08,Hyderabad,3401,PRD1270,Bakery,2,447.61,5,19,Cash on Delivery,4.5,850.5
ORD100405,09-05-2025,12:10:26,Pune,17484,PRD9606,Snacks,3,146.39,20,64,Cash on Delivery,2.8,351.3
ORD100406,28-04-2025,05:49:38,Kolkata,69440,PRD2353,Frozen Foods,5,425.12,20,68,Cash on Delivery,3.5,1700.5
ORD100407,28-04-2025,15:32:58,Mumbai,20740,PRD8456,Vegetables,3,124.08,10,21,UPI,4.4,335.0
ORD100408,13-05-2025,18:11:53,Bangalore,35122,PRD5446,Dairy,2,40.26,10,43,Debit Card,3.2,72.5
ORD100409,07-05-2025,07:51:37,Delhi,43618,PRD1668,Vegetables,3,417.93,15,69,Credit Card,3.1,1065.7
ORD100410,14-05-2025,07:41:55,Hyderabad,70573,PRD6244,Snacks,1,207.05,20,63,Credit Card,4.9,165.6
ORD100411,20-05-2025,09:58:40,Chennai,87414,PRD1294,Dairy,2,337.84,0,84,UPI,2.9,675.7
ORD100412,02-05-2025,05:14:01,Kolkata,39528,PRD8248,Snacks,2,92.20,10,87,UPI,2.3,166.0
ORD100413,13-05-2025,16:02:52,Pune,37110,PRD7947,Beverages,2,348.64,20,37,Wallet,1.6,557.8
ORD100414,19-05-2025,09:26:30,Chennai,67041,PRD3404,Vegetables,3,83.08,15,82,Credit Card,2.6,211.9
ORD100415,16-05-2025,18:50:59,Bangalore,59906,PRD1389,Household,3,228.01,20,90,UPI,2.5,547.2
ORD100416,29-04-2025,01:41:20,Ahmedabad,92804,PRD5140,Vegetables,3,47.47,20,14,Wallet,4.5,113.9
ORD100417,07-05-2025,10:04:55,Hyderabad,6559,PRD6657,Beverages,3,65.80,20,43,UPI,4.0,157.9
ORD100418,23-04-2025,17:04:59,Hyderabad,12253,PRD5074,Snacks,4,281.15,0,68,Debit Card,4.2,1124.6
ORD100419,17-05-2025,03:43:58,Ahmedabad,48983,PRD7418,Household,5,269.61,0,28,UPI,4.0,1348.1
ORD100420,06-05-2025,06:51:28,Pune,89321,PRD5127,Dairy,1,242.77,5,89,Debit Card,4.9,230.6
ORD100421,05-05-2025,19:24:55,Mumbai,40580,PRD1868,Bakery,1,270.02,15,61,Cash on Delivery,2.0,229.5
ORD100422,25-04-2025,17:27:47,Ahmedabad,2876,PRD5894,Vegetables,5,30.66,20,62,Debit Card,3.8,122.6
ORD100423,13-05-2025,07:56:17,Mumbai,57363,PRD1472,Snacks,3,352.95,5,28,UPI,1.1,1005.9
ORD100424,24-04-2025,16:03:08,Kolkata,5814,PRD8300,Bakery,4,394.45,15,54,Wallet,3.0,1341.1
ORD100425,01-05-2025,04:19:25,Bangalore,22669,PRD1268,Frozen Foods,1,283.60,10,80,Wallet,3.5,255.2
ORD100426,08-05-2025,07:24:24,Ahmedabad,38369,PRD5837,Frozen Foods,4,174.36,15,22,UPI,2.7,592.8
ORD100427,22-05-2025,13:34:05,Kolkata,84663,PRD8469,Snacks,1,51.62,5,70,Credit Card,2.1,49.0
ORD100428,16-05-2025,04:34:54,Chennai,33566,PRD7461,Fruits,1,44.21,10,44,UPI,4.3,39.8
ORD100429,20-05-2025,16:20:14,Delhi,77208,PRD3050,Bakery,5,412.43,15,51,Wallet,3.9,1752.8
ORD100430,23-04-2025,02:25:38,Bangalore,50284,PRD5971,Fruits,3,101.85,20,47,Debit Card,2.0,244.4
ORD100431,21-05-2025,01:58:13,Bangalore,58528,PRD7001,Snacks,5,211.79,15,34,Credit Card,3.1,900.1
ORD100432,25-04-2025,17:27:39,Delhi,7464,PRD3929,Dairy,3,450.93,10,66,Cash on Delivery,4.0,1217.5
ORD100433,02-05-2025,06:41:02,Pune,78488,PRD8987,Frozen Foods,2,497.58,10,78,Wallet,4.9,895.6
ORD100434,01-05-2025,05:24:39,Delhi,76996,PRD2907,Bakery,4,265.87,10,36,Cash on Delivery,2.3,957.1
ORD100435,01-05-2025,03:29:09,Ahmedabad,98633,PRD1124,Household,4,182.72,0,81,Debit Card,4.5,730.9
ORD100436,08-05-2025,10:15:27,Bangalore,92762,PRD1591,Vegetables,1,253.28,20,24,Debit Card,1.3,202.6
ORD100437,05-05-2025,08:50:32,Bangalore,17552,PRD6796,Fruits,1,453.28,20,10,Credit Card,3.4,362.6
ORD100438,05-05-2025,22:31:20,Kolkata,32479,PRD6186,Dairy,2,287.50,15,44,Credit Card,2.1,488.8
ORD100439,18-05-2025,20:55:27,Chennai,23840,PRD3683,Snacks,5,391.68,0,89,Credit Card,3.7,1958.4
ORD100440,01-05-2025,05:32:51,Delhi,66556,PRD1650,Dairy,1,237.42,10,13,Credit Card,3.1,213.7
ORD100441,08-05-2025,11:20:01,Mumbai,7108,PRD7937,Bakery,4,343.80,5,51,Wallet,3.9,1306.4
ORD100442,29-04-2025,16:59:27,Kolkata,62190,PRD8258,Bakery,3,122.86,10,81,UPI,3.6,331.7
ORD100443,04-05-2025,10:05:58,Ahmedabad,62942,PRD7273,Household,3,373.02,10,88,Wallet,3.4,1007.2
ORD100444,29-04-2025,21:47:47,Hyderabad,21579,PRD9405,Snacks,5,428.81,20,61,UPI,3.9,1715.2
ORD100445,14-05-2025,15:39:04,Kolkata,22628,PRD2871,Dairy,2,303.85,10,71,Cash on Delivery,2.5,546.9
ORD100446,07-05-2025,20:43:21,Hyderabad,48726,PRD1062,Fruits,2,151.60,5,56,Cash on Delivery,2.5,288.0
ORD100447,06-05-2025,03:04:14,Kolkata,43021,PRD3528,Snacks,5,201.67,15,84,Credit Card,4.8,857.1
ORD100448,28-04-2025,11:49:05,Kolkata,71141,PRD6720,Fruits,1,79.60,10,78,Credit Card,1.5,71.6
ORD100449,18-05-2025,06:10:22,Chennai,10638,PRD9231,Snacks,1,249.11,5,23,Cash on Delivery,4.8,236.7
ORD100450,25-04-2025,23:57:18,Mumbai,71413,PRD3374,Dairy,5,80.26,5,40,Debit Card,1.9,381.2
ORD100451,21-05-2025,16:20:15,Bangalore,59039,PRD7477,Bakery,2,169.81,5,55,Credit Card,1.2,322.6
ORD100452,26-04-2025,10:03:28,Pune,2750,PRD7157,Fruits,5,359.78,5,31,Credit Card,2.7,1709.0
ORD100453,02-05-2025,20:46:21,Kolkata,92859,PRD8289,Vegetables,4,328.66,5,61,UPI,3.2,1248.9
ORD100454,16-05-2025,18:58:39,Bangalore,19058,PRD4103,Beverages,1,146.79,20,52,Wallet,3.4,117.4
ORD100455,21-05-2025,13:19:45,Ahmedabad,1446,PRD3776,Household,1,105.75,15,12,UPI,2.6,89.9
ORD100456,04-05-2025,11:33:55,Mumbai,54888,PRD2637,Snacks,4,156.47,10,69,Wallet,1.4,563.3
ORD100457,11-05-2025,19:19:12,Hyderabad,92942,PRD5909,Fruits,2,475.08,20,38,UPI,2.9,760.1
ORD100458,30-04-2025,13:28:26,Bangalore,25264,PRD4565,Vegetables,4,196.70,15,26,Cash on Delivery,3.4,668.8
ORD100459,03-05-2025,15:43:52,Ahmedabad,68368,PRD8048,Vegetables,3,295.43,5,53,Credit Card,1.9,842.0
ORD100460,19-05-2025,11:55:35,Hyderabad,27274,PRD6573,Frozen Foods,5,337.08,20,80,Debit Card,4.8,1348.3
ORD100461,03-05-2025,16:57:53,Chennai,13764,PRD2943,Vegetables,5,132.14,5,13,Credit Card,1.4,627.7
ORD100462,25-04-2025,03:19:32,Delhi,40155,PRD4078,Dairy,3,361.42,10,44,Credit Card,3.8,975.8
ORD100463,25-04-2025,06:42:19,Kolkata,90228,PRD6728,Snacks,2,63.83,10,46,UPI,4.0,114.9
ORD100464,01-05-2025,12:47:05,Hyderabad,41959,PRD7429,Bakery,1,27.48,10,74,Debit Card,2.3,24.7
ORD100465,30-04-2025,22:51:13,Bangalore,29724,PRD4230,Household,1,314.14,0,40,Debit Card,3.1,314.1
ORD100466,07-05-2025,01:09:37,Chennai,69734,PRD1648,Beverages,5,24.87,15,40,Debit Card,4.4,105.7
ORD100467,01-05-2025,19:14:41,Kolkata,20484,PRD8141,Beverages,2,210.12,5,50,Wallet,2.8,399.2
ORD100468,23-04-2025,15:39:30,Bangalore,46934,PRD4702,Beverages,1,66.62,5,63,Debit Card,4.1,63.3
ORD100469,05-05-2025,09:01:19,Ahmedabad,89446,PRD5614,Snacks,5,276.74,15,26,UPI,4.9,1176.1
ORD100470,10-05-2025,18:52:35,Kolkata,28409,PRD7860,Household,3,412.23,15,31,Wallet,1.4,1051.2
ORD100471,19-05-2025,02:13:48,Hyderabad,40694,PRD2379,Snacks,3,487.84,15,90,Cash on Delivery,4.9,1244.0
ORD100472,20-05-2025,06:01:43,Kolkata,32305,PRD2968,Household,1,144.31,5,26,Credit Card,2.8,137.1
ORD100473,03-05-2025,23:00:29,Chennai,29601,PRD4693,Vegetables,3,118.34,5,64,Cash on Delivery,4.1,337.3
ORD100474,07-05-2025,09:07:28,Kolkata,1455,PRD8267,Bakery,3,130.89,10,72,UPI,1.3,353.4
ORD100475,22-05-2025,13:10:53,Kolkata,5041,PRD5536,Dairy,4,159.22,0,41,Debit Card,2.1,636.9
ORD100476,06-05-2025,17:55:18,Ahmedabad,64398,PRD8971,Beverages,2,449.67,5,61,Cash on Delivery,4.6,854.4
ORD100477,08-05-2025,14:39:13,Chennai,89031,PRD8251,Bakery,4,289.54,0,53,Debit Card,4.6,1158.2
ORD100478,02-05-2025,00:34:52,Kolkata,62285,PRD2387,Household,3,224.35,0,13,Cash on Delivery,2.1,673.1
ORD100479,11-05-2025,04:08:23,Hyderabad,73768,PRD8722,Dairy,3,212.10,20,37,UPI,3.3,509.0
ORD100480,16-05-2025,20:58:33,Chennai,94043,PRD5904,Beverages,3,355.32,0,66,Cash on Delivery,4.7,1066.0
ORD100481,01-05-2025,19:43:19,Bangalore,41878,PRD9259,Frozen Foods,2,316.69,10,15,Debit Card,3.6,570.0
ORD100482,23-04-2025,22:13:10,Chennai,46247,PRD5996,Household,4,232.61,15,52,Wallet,3.0,790.9
ORD100483,05-05-2025,16:31:57,Delhi,76697,PRD4458,Dairy,2,419.40,10,43,Debit Card,1.8,754.9
ORD100484,05-05-2025,23:59:22,Kolkata,45169,PRD6491,Fruits,3,118.18,15,10,Debit Card,3.9,301.4
ORD100485,11-05-2025,03:20:21,Chennai,22983,PRD6060,Fruits,5,27.47,20,53,Credit Card,1.0,109.9
ORD100486,28-04-2025,12:38:47,Delhi,3229,PRD9308,Vegetables,2,67.79,5,65,Credit Card,1.4,128.8
ORD100487,19-05-2025,05:21:40,Delhi,61126,PRD3277,Household,5,215.42,10,10,Wallet,1.4,969.4
ORD100488,21-05-2025,06:45:07,Mumbai,33236,PRD1539,Dairy,3,318.01,20,81,Debit Card,4.8,763.2
ORD100489,19-05-2025,03:19:58,Bangalore,22882,PRD4781,Beverages,2,470.98,0,52,Wallet,4.5,942.0
ORD100490,03-05-2025,14:26:25,Bangalore,19969,PRD4193,Beverages,4,178.79,15,54,Credit Card,3.2,607.9
ORD100491,04-05-2025,23:28:47,Ahmedabad,15686,PRD1625,Household,1,44.57,5,29,Cash on Delivery,3.2,42.3
ORD100492,06-05-2025,11:01:02,Chennai,10219,PRD3094,Beverages,3,485.25,10,11,Debit Card,4.5,1310.2
ORD100493,17-05-2025,05:35:31,Chennai,58386,PRD3914,Fruits,2,459.77,20,27,Credit Card,3.9,735.6
ORD100494,20-05-2025,16:46:13,Delhi,22319,PRD9342,Household,4,462.87,0,59,UPI,1.5,1851.5
ORD100495,14-05-2025,04:20:52,Chennai,13124,PRD2798,Vegetables,5,124.71,15,24,Debit Card,3.2,530.0
ORD100496,24-04-2025,11:27:49,Mumbai,27812,PRD6859,Fruits,4,361.05,20,50,Debit Card,1.7,1155.4
ORD100497,21-05-2025,16:21:13,Hyderabad,6009,PRD1123,Dairy,1,162.42,0,42,Wallet,3.7,162.4
ORD100498,20-05-2025,22:31:42,Hyderabad,9806,PRD1550,Beverages,2,111.03,0,60,Credit Card,2.7,222.1
ORD100499,24-04-2025,21:35:27,Chennai,94781,PRD3649,Household,2,426.18,20,50,Credit Card,2.6,681.9
